ExonicFunc_refgene,blup1_ExonicFunc_refgene_1,blup1_ExonicFunc_refgene_2,blup1_ExonicFunc_refgene_3,blup1_ExonicFunc_refgene_4,blup1_ExonicFunc_refgene_5,blup1_ExonicFunc_refgene_6,blup1_ExonicFunc_refgene_7,blup1_ExonicFunc_refgene_8,blup1_ExonicFunc_refgene_9
frameshift deletion,-0.048097857,-0.02186909,0,-0.628865169,0.1446061373,0.2709178524,0.4006796152,,0
frameshift insertion,0.0396395702,0.0149573044,0,-0.727169338,0.0269723618,0.0556674682,0.3099795435,,0
nonframeshift deletion,0.5476883907,-0.398879174,0,0.2996661544,-0.214166918,1.0074180168,-0.498860087,,0
nonframeshift deletion;nonframeshift deletion,0.0396395702,0.0149573044,0,-0.727169338,0.0269723618,0.0556674682,0.3099795435,,0
nonframeshift insertion,0.4904807876,-0.002520461,0,1.5802650822,0.5087056181,0.8034723724,-1.984509903,,0
nonframeshift insertion;nonframeshift insertion,0.0396395702,0.0149573044,0,0.2924519115,0.0269723618,0.0556674682,-0.720709074,,0
nonframeshift substitution,-0.57825421,0.0729552048,0,0.4552783489,-0.091867967,-1.726054683,0.6152513512,,0
nonframeshift substitution;nonframeshift substitution,0.0396395702,0.0149573044,0,-0.727169338,0.0269723618,0.0556674682,0.3099795435,,0
nonsynonymous SNV,-0.127973557,0.1933569258,0,0.2731855968,-0.850515319,-1.266419687,0.2067708827,,0
nonsynonymous SNV;nonsynonymous SNV,-0.293688647,-0.127588134,0,0.9867821987,-0.358361166,0.2709178524,0.4006796152,,0
stopgain,-0.188352758,0.2097582058,0,-1.369708021,0.726737806,0.3614109346,1.3714680423,,0
stoploss,0.0396395702,0.0149573044,0,0.2924519115,0.0269723618,0.0556674682,-0.720709074,,0
